{
    "name": "oxymoron",
    "vendorId": "726B",
    "productId": "6F6D",
    "lighting": "none",
    "matrix": {
        "rows": 4,
        "cols": 12
    },
    "layouts": {
        "labels":[
            [
                "Enter",
                "Big",
                "Split",
                "ISO"
            ],
            [
                "Left Shift",
                "Big",
                "ISO"
            ],
            [
                "Right Shift",
                "Big",
                "Split",
                "Arrows",
                "Encoder"
            ],
            [
                "Bottom Row",
                "6.25u",
                "7u",
                "Split"
            ]
        ],
        "keymap":[
            [
              {
                "x": 2.5,
                "w": 1.5
              },
              "0,0",
              "0,1",
              "0,2",
              "0,3",
              "0,4",
              "0,5",
              "0,6",
              "0,7",
              "0,8",
              "0,9",
              "0,10",
              {
                "w": 1.5
              },
              "0,11\n\n\n0,0",
              {
                "x": 1.5,
                "w": 1.5
              },
              "0,11\n\n\n0,1",
              {
                "x": 1.25,
                "w": 1.25,
                "h": 2,
                "w2": 1.5,
                "h2": 1,
                "x2": -0.25
              },
              "0,11\n\n\n0,2"
            ],
            [
              {
                "x": 2.5,
                "w": 1.75
              },
              "1,0",
              "1,1",
              "1,2",
              "1,3",
              "1,4",
              "1,5",
              "1,6",
              "1,7",
              "1,8",
              "1,9",
              {
                "w": 2.25
              },
              "1,11\n\n\n0,0",
              {
                "x": 0.75
              },
              "1,10\n\n\n0,1",
              {
                "w": 1.25
              },
              "1,11\n\n\n0,1",
              {
                "x": 0.25
              },
              "1,10\n\n\n0,2"
            ],
            [
              {
                "w": 1.25
              },
              "2,0\n\n\n1,1",
              "2,1\n\n\n1,1",
              {
                "x": 0.25,
                "w": 2.25
              },
              "2,0\n\n\n1,0",
              "2,2",
              "2,3",
              "2,4",
              "2,5",
              "2,6",
              "2,7",
              "2,8",
              "2,9\n\n\n2,0",
              {
                "w": 2.75
              },
              "2,10\n\n\n2,0",
              {
                "x": 0.25
              },
              "2,9\n\n\n2,1",
              "2,10\n\n\n2,1",
              {
                "w": 1.75
              },
              "2,11\n\n\n2,1",
              {
                "x": 0.25,
                "w": 1.75
              },
              "2,9\n\n\n2,2",
              "2,10\n\n\n2,2",
              "2,11\n\n\n2,2",
              {
                "x": 0.25
              },
              "2,9\n\n\n2,3",
              {
                "w": 1.75
              },
              "2,10\n\n\n2,3",
              "2,11\n\n\n2,3"
            ],
            [
              {
                "x": 2.5,
                "w": 1.25
              },
              "3,0\n\n\n3,0",
              {
                "w": 1.25
              },
              "3,1\n\n\n3,0",
              {
                "w": 1.25
              },
              "3,2\n\n\n3,0",
              {
                "w": 6.25
              },
              "3,6\n\n\n3,0",
              "3,9\n\n\n3,0",
              "3,10\n\n\n3,0",
              "3,11\n\n\n3,0",
              {
                "x": 0.25
              },
              "0,0\n\n\n\n\n\n\n\n\ne",
              "0,1\n\n\n\n\n\n\n\n\ne"
            ],
            [
              {
                "y": 0.25,
                "x": 2.5
              },
              "3,0\n\n\n3,1",
              "3,1\n\n\n3,1",
              "3,2\n\n\n3,1",
              {
                "w": 7
              },
              "3,6\n\n\n3,1",
              "3,9\n\n\n3,1",
              "3,10\n\n\n3,1",
              "3,11\n\n\n3,1"
            ],
            [
              {
                "x": 2.5,
                "w": 1.25
              },
              "3,0\n\n\n3,2",
              {
                "w": 1.25
              },
              "3,1\n\n\n3,2",
              {
                "w": 1.25
              },
              "3,2\n\n\n3,2",
              {
                "w": 2.75
              },
              "3,4\n\n\n3,2",
              {
                "w": 2.25
              },
              "3,6\n\n\n3,2",
              {
                "w": 1.25
              },
              "3,8\n\n\n3,2",
              "3,9\n\n\n3,2",
              "3,10\n\n\n3,2",
              "3,11\n\n\n3,2"
            ]
          ]
    }
}
