{
    "lighting": "none",
    "matrix": {
        "rows": 4,
        "cols": 13
    },
    "layouts": {
        "labels":[
            [
                "Bottom Row",
                "7u",
                "Split 2u",
                "Split 3u",
                "Full Grid",
                "Center 3u",
                "10u"
            ]
        ],
        "keymap":[
            [
              {
                "w": 1.5
              },
              "0,0",
              "0,1",
              "0,2",
              "0,3",
              "0,4",
              "0,5",
              "0,6",
              "0,7",
              "0,8",
              "0,9",
              "0,10",
              {
                "w": 1.5
              },
              "0,11"
            ],
            [
              {
                "w": 1.5
              },
              "1,0",
              "1,1",
              "1,2",
              "1,3",
              "1,4",
              "1,5",
              "1,6",
              "1,7",
              "1,8",
              "1,9",
              "1,10",
              {
                "w": 1.5
              },
              "1,11"
            ],
            [
              {
                "w": 1.5
              },
              "2,0",
              "2,1",
              "2,2",
              "2,3",
              "2,4",
              "2,5",
              "2,6",
              "2,7",
              "2,8",
              "2,9",
              "2,10",
              {
                "w": 1.5
              },
              "2,11"
            ],
            [
              "3,0\n\n\n0,0",
              "3,1\n\n\n0,0",
              "3,2\n\n\n0,0",
              {
                "w": 7
              },
              "3,6\n\n\n0,0",
              "3,10\n\n\n0,0",
              "3,11\n\n\n0,0",
              "3,12\n\n\n0,0",
              {
                "x": 0.25
              },
              "0,0\n\n\n\n\n\n\n\n\ne",
              "0,1\n\n\n\n\n\n\n\n\ne"
            ],
            [
              "3,0\n\n\n0,1",
              "3,1\n\n\n0,1",
              "3,2\n\n\n0,1",
              "3,3\n\n\n0,1",
              {
                "w": 2
              },
              "3,5\n\n\n0,1",
              "3,6\n\n\n0,1",
              {
                "w": 2
              },
              "3,8\n\n\n0,1",
              "3,9\n\n\n0,1",
              "3,10\n\n\n0,1",
              "3,11\n\n\n0,1",
              "3,12\n\n\n0,1"
            ],
            [
              "3,0\n\n\n0,2",
              "3,1\n\n\n0,2",
              "3,2\n\n\n0,2",
              {
                "w": 3
              },
              "3,4\n\n\n0,2",
              "3,6\n\n\n0,2",
              {
                "w": 3
              },
              "3,8\n\n\n0,2",
              "3,10\n\n\n0,2",
              "3,11\n\n\n0,2",
              "3,12\n\n\n0,2"
            ],
            [
              "3,0\n\n\n0,3",
              "3,1\n\n\n0,3",
              "3,2\n\n\n0,3",
              "3,3\n\n\n0,3",
              "3,4\n\n\n0,3",
              "3,5\n\n\n0,3",
              "3,6\n\n\n0,3",
              "3,7\n\n\n0,3",
              "3,8\n\n\n0,3",
              "3,9\n\n\n0,3",
              "3,10\n\n\n0,3",
              "3,11\n\n\n0,3",
              "3,12\n\n\n0,3"
            ],
            [
              "3,0\n\n\n0,4",
              "3,1\n\n\n0,4",
              "3,2\n\n\n0,4",
              "3,3\n\n\n0,4",
              "3,4\n\n\n0,4",
              {
                "w": 3
              },
              "3,6\n\n\n0,4",
              "3,8\n\n\n0,4",
              "3,9\n\n\n0,4",
              "3,10\n\n\n0,4",
              "3,11\n\n\n0,4",
              "3,12\n\n\n0,4"
            ],
            [
              {
                "w": 1.5
              },
              "3,0\n\n\n0,5",
              {
                "w": 10
              },
              "3,6\n\n\n0,5",
              {
                "w": 1.5
              },
              "3,12\n\n\n0,5"
            ]
          ]
    }
}
